version: 4,,,,,,,,,,,,,,,,,,,,,,,,,,
題組 (格式相容欄位，題庫不支援),類別 (匯入線上測驗時不支援),"題型: 
(1)是非
(2)單選  
(3)複選  
(4)填充 
(5)問答
",題目,"答案
若為是非題: 
(1)答案為是
(2)答案為否","解說
(說明沒有解說)","難易度:
(1)容易
(2)適中
(3)困難","選項1
若為填充題: 
(1)不分英文大小寫
(2)區分英文大小寫","選項2 
若為填充題: 
(1)不考慮順序
(2)需考慮順序 ",選項3 ,選項4,選項5,選項6,選項7,選項8,選項9,選項10,選項11,選項12,選項13,選項14,選項15,選項16,選項17,選項18,選項19,選項20
,,2, 一般成人在症狀出現前到發病後幾天均有傳染性 ? ,1,一般成人在症狀出現前 1天到發病後 7天均有傳染性，但對於病程較長之病患，亦?能排除其發病期間繼續散播病毒。,1,發病前 1 天到發病後 7 天,發病前 3 天到發病後 10 天,發病前 10 天到發病後 7 天,發病前 5 天到發病後 5 天,,,,,,,,,,,,,,,,
,,4,H1N1新型流感自[*98*]年[*6*]月[*19*]日自第一類法定傳染病刪除,,,2,2,1,,,,,,,,,,,,,,,,,,
,,1,H1N1新型流感兒童病的可傳染期通常較成人病為長。,1,,1,,,,,,,,,,,,,,,,,,,,
,,1,H1N1新型流感傳染途徑與季節性?感不大相同，主要是透過食物傳染與體液傳染,2,H1N1新型流感傳染途徑與季節性流感類似，主要是透過飛沫傳染與接觸傳染,3,,,,,,,,,,,,,,,,,,,,
,,2,H1N1 的病因起源為 ? ,1,請參考上述文字,,豬流感,禽流感,狂犬病,,,,,,,,,,,,,,,,,
,,3,近來在何地有出現過人感染 H1N1 型流感病例 ?,"1,2",請參考上述文字,,美國,墨西哥,中國,加拿大,巴西,,,,,,,,,,,,,,,
,,5,請寫出燒燙傷急救五步驟,沖脫泡蓋送,,,,,,,,,,,,,,,,,,,,,,
